{
  "domain_parsing": {
    "blocksworld": {
      "mean_time": 0.023230691556818783,
      "std_time": 0.0013720334973186255,
      "min_time": 0.021858658059500158,
      "max_time": 0.02460272505413741,
      "repetitions": 2
    }
  },
  "action_grounding": {
    "blocksworld": {
      "num_actions": 24,
      "mean_time": 1.4116987586021423e-05,
      "std_time": 3.7330901250243187e-06,
      "min_time": 1.0383897460997105e-05,
      "max_time": 1.7850077711045742e-05,
      "repetitions": 2
    }
  },
  "metrics_collection": {
    "10_actions": {
      "num_actions": 10,
      "mean_time": 0.006151474022772163,
      "std_time": 0.0010202379780821502,
      "min_time": 0.005131236044690013,
      "max_time": 0.007171712000854313,
      "time_per_action": 0.0006151474022772163,
      "repetitions": 2
    },
    "50_actions": {
      "num_actions": 50,
      "mean_time": 0.02552422194276005,
      "std_time": 0.0013363059842959046,
      "min_time": 0.024187915958464146,
      "max_time": 0.026860527927055955,
      "time_per_action": 0.000510484438855201,
      "repetitions": 2
    },
    "100_actions": {
      "num_actions": 100,
      "mean_time": 0.06677532300818712,
      "std_time": 0.015244859969243407,
      "min_time": 0.05153046303894371,
      "max_time": 0.08202018297743052,
      "time_per_action": 0.0006677532300818712,
      "repetitions": 2
    },
    "500_actions": {
      "num_actions": 500,
      "mean_time": 0.26411963446298614,
      "std_time": 0.0028729275218211114,
      "min_time": 0.26124670694116503,
      "max_time": 0.26699256198480725,
      "time_per_action": 0.0005282392689259723,
      "repetitions": 2
    },
    "1000_actions": {
      "num_actions": 1000,
      "mean_time": 0.5163388759829104,
      "std_time": 0.009524789056740701,
      "min_time": 0.5068140869261697,
      "max_time": 0.5258636650396511,
      "time_per_action": 0.0005163388759829104,
      "repetitions": 2
    }
  },
  "memory_usage": {}
}