category,test,mean_time,std_time,min_time,max_time,repetitions,num_actions,time_per_action
domain_parsing,blocksworld,0.023230691556818783,0.0013720334973186255,0.021858658059500158,0.02460272505413741,2,,
action_grounding,blocksworld,1.4116987586021423e-05,3.7330901250243187e-06,1.0383897460997105e-05,1.7850077711045742e-05,2,24.0,
metrics_collection,10_actions,0.006151474022772163,0.0010202379780821502,0.005131236044690013,0.007171712000854313,2,10.0,0.0006151474022772163
metrics_collection,50_actions,0.02552422194276005,0.0013363059842959046,0.024187915958464146,0.026860527927055955,2,50.0,0.000510484438855201
metrics_collection,100_actions,0.06677532300818712,0.015244859969243407,0.05153046303894371,0.08202018297743052,2,100.0,0.0006677532300818712
metrics_collection,500_actions,0.26411963446298614,0.0028729275218211114,0.26124670694116503,0.26699256198480725,2,500.0,0.0005282392689259723
metrics_collection,1000_actions,0.5163388759829104,0.009524789056740701,0.5068140869261697,0.5258636650396511,2,1000.0,0.0005163388759829104
